{
  "dataset": "MH_01_easy",
  "trajectory_file": "/workspace/results/trajectories/traj_mh_01_easy.csv",
  "groundtruth_file": "/workspace/data/MH_01_easy/mav0/state_groundtruth_estimate0/data.csv",
  "num_poses_original_gt": 36381,
  "num_poses_original_est": 3681,
  "num_poses_synchronized": 3638,
  "duration_seconds": 181.85000014305115,
  "ate": {
    "rmse": 0.06920270938089156,
    "mean": 0.0637796649676134,
    "median": 0.06457993547659968,
    "std": 0.026854595924629424,
    "min": 0.0054223131477847105,
    "max": 0.12529438591690636
  },
  "rpe": {
    "rmse": 0.022666655155442868,
    "mean": 0.020891116260586685,
    "median": 0.020211260590912234,
    "std": 0.008794232048474467,
    "min": 0.004393657924311212,
    "max": 0.0454586705566704
  }
}