{
  "dataset": "V1_03_difficult",
  "trajectory_file": "/workspace/results/trajectories/traj_v1_03_difficult.csv",
  "groundtruth_file": "/workspace/data/V1_03_difficult/mav0/state_groundtruth_estimate0/data.csv",
  "num_poses_original_gt": 20931,
  "num_poses_original_est": 2148,
  "num_poses_synchronized": 2094,
  "duration_seconds": 104.65000009536743,
  "ate": {
    "rmse": 0.053562245088126556,
    "mean": 0.05012787871848113,
    "median": 0.04659637099958272,
    "std": 0.018870873696408032,
    "min": 0.010714634442366507,
    "max": 0.10381179640452119
  },
  "rpe": {
    "rmse": 0.03448931374578484,
    "mean": 0.03206269254465411,
    "median": 0.03194699715368282,
    "std": 0.012708127692235567,
    "min": 0.009346558322398101,
    "max": 0.07544762860153462
  }
}